"","cyc_m","mid_m","ins_m","out_m","cyc_l","mid_l","ins_l","out_l","cyc_u","mid_u","ins_u","out_u"
"1",0.0394759884421392,0.0701017012665535,0.0529128140522111,0.0445250190972277,0.0663667036458834,0.112456630419617,0.120008756068294,0.0638386764221589,0.074703500355472,0.105421849428116,0.108959837869277,0.073591212269216
"2",0.0354212981819113,0.0700632681654996,0.0615026934834108,0.0330856111850793,0.0555898545115537,0.087981303967356,0.0886070464716344,0.0538539921710187,0.073891301863661,0.108951536252713,0.110434011904627,0.0722521499071242
"3",0.0403075668260499,0.0701160039371481,0.0699707238002243,0.0448175014096376,0.057535166660956,0.0853357298043383,0.0961773365037396,0.05230627025199,0.0744341247793184,0.103400830659489,0.114213339114533,0.0711021045962323
"4",0.0523550060797979,0.0976888988833973,0.0843783462614741,0.0632338568066901,0.0688945244353783,0.105199660243637,0.101715424774321,0.067154279489857,0.0796821041012011,0.118571413557956,0.127367823421223,0.0788903735621706
"5",0.0507944249904816,0.0877115844876756,0.0740222002149868,0.0553773982320275,0.0729923366073754,0.110610912113115,0.110907792859229,0.0763105397119054,0.0744577773971978,0.124141043129199,0.125057818430303,0.0806668474564614
"6",0.0440856499710261,0.0861019810653775,0.0658057143346722,0.0660265285205543,0.0665370391879046,0.0937973413652711,0.0955309150100086,0.0748287260176128,0.0897538256901271,0.13594176016966,0.143526952385889,0.0903373466718257
"7",0.0358035534175939,0.0708849541936063,0.054999232834723,0.0484087894229416,0.0682553943008524,0.0921746701901252,0.0985608178269482,0.0670109189444392,0.0819337731508235,0.124732784654773,0.124908545338246,0.0862494679363534
"8",0.0325683865238138,0.0637530568231901,0.0535741155326149,0.0401163585803114,0.0703397723984296,0.0924849322734826,0.0916166686463911,0.0727678772859445,0.0713460220637215,0.102408530358902,0.109962428925233,0.0734406432206963
"9",0.0300281987687639,0.0574730618559665,0.0359786277624933,0.0436385727239236,0.0671703457970546,0.0857315226961529,0.0852070134714931,0.0591119748842815,0.0860639330846438,0.107579150834085,0.11693916204998,0.0728675531375804
"10",0.0422502987671215,0.0857317009298655,0.0673013244186464,0.0512857826585952,0.0592841140794646,0.0856081957629153,0.0882644826099322,0.055755878489944,0.109309902373979,0.146965152855735,0.159376645541478,0.0978477083869253
"11",0.0319725175136872,0.0739218616467489,0.0491062098520109,0.0421736256781974,0.0629894363241388,0.0860344621376207,0.082916277398846,0.0649055523975869,0.0816828213714364,0.134394140442839,0.143313555158402,0.0783914918820506
"12",0.0258321856225468,0.0752593940787218,0.0519744290500594,0.0499052766454382,0.0531814712465887,0.0823060911252636,0.0807859460371175,0.0560199164623958,0.100094923655686,0.149132596382576,0.172566035185911,0.094558351631256
"13",0.0315457847029699,0.0818622979873425,0.0601508570697781,0.0505484040005669,0.0583077431217513,0.0923457012546549,0.0868837130881193,0.0578289970822422,0.105137195645963,0.152026223268866,0.169728246278602,0.0978415858873458
"14",0.0269972095202304,0.0894160275156004,0.0440380993594959,0.0597158487561396,0.0506015605970597,0.0870800711682837,0.0826545411460641,0.0553593504469927,0.088835589700321,0.160307282462806,0.168780642158855,0.086382300914178
"15",0.0258436275985869,0.0564768187445844,0.0282661572918624,0.0466228002561281,0.0531083278650302,0.0669163254975053,0.075764172702391,0.0539628374022215,0.0841979893733434,0.14673237295569,0.164820602063641,0.0958988930851931
"16",0.0476090522627603,0.111416129896416,0.0839578328405589,0.054434789541299,0.054396962879707,0.0879907919422178,0.0891859787976443,0.061616018493057,0.0843944463614388,0.149723969669859,0.170303385528774,0.0854781831161046
"17",0.0380817183302841,0.0920726398234163,0.0777299048164404,0.0478371110767857,0.051212586580347,0.0825357668139194,0.0802394572065232,0.061433896766179,0.100319583963917,0.15330326146501,0.175762965012658,0.10552905349773
"18",0.0506240408108284,0.0895643015185037,0.0739671186469376,0.0566641890455522,0.0570436698932012,0.0813676553356137,0.0754352487039706,0.064210865385214,0.0810146444161694,0.143949804160742,0.161642508955301,0.0837868183924079
"19",0.0409951102728363,0.0989709765387783,0.0877686772049853,0.0525826317268792,0.0623678726594155,0.0868766672886039,0.0869707639666323,0.0629699421738901,0.0973911226709127,0.161315301385167,0.169688481160361,0.0933244303873855
"20",0.0313786727421071,0.080062957687565,0.0603675556547533,0.0513635890828627,0.0637355248934371,0.0797918979912015,0.0745862897622296,0.0559920755600671,0.0984033444364703,0.142352643661125,0.15472040779376,0.0904997874786184
"21",0.0310082507359749,0.0613474209488136,0.0382468788809624,0.0501824634317079,0.0528679548214201,0.0711831496765924,0.066822288271997,0.0553889202797345,0.0839170613604086,0.127291965530974,0.139793038126253,0.0762701689618669
"22",0.0252289419237639,0.0536194420966494,0.0375162355867747,0.0413518967210659,0.063162790995846,0.0884050231297617,0.0840318766804874,0.0664830015174017,0.0953915063586873,0.155086995421894,0.160265788448934,0.0736062470757528
"23",0.0364533670208992,0.0793961284176878,0.0641255315723329,0.0476132114196969,0.0516453641637188,0.0775263755965533,0.0747640551254134,0.0530543969733259,0.0932451596774273,0.136142472500113,0.148387905386004,0.0885920778545254
"24",0.0495027334565061,0.0790036168800572,0.0732146233133428,0.0627930691522402,0.063333704037644,0.0754468851555594,0.0794952911030753,0.0663248287836383,0.0951936939336844,0.142682936034461,0.157908629171476,0.0915052038105567
"25",0.0470915119214236,0.0866106261028885,0.0954924925840495,0.0455170209629782,0.0694070396600732,0.108964742536198,0.11730796605125,0.0653096329678436,0.0772265625227474,0.10998914827152,0.114911433943022,0.0664732080204024
"26",0.0472331646362131,0.0735782395615483,0.0762880863354095,0.0494213191819396,0.071516565361208,0.112231160446957,0.121907712916151,0.0710667910408345,0.0878306294644168,0.12883439780497,0.144679689850824,0.0823400134783513
"27",0.0302086107603257,0.0728389905737948,0.0542819045735635,0.0408874539050161,0.0576825099441759,0.110821230582562,0.128886906948266,0.0535293708052803,0.0774642977150612,0.117602110469983,0.123329156566319,0.0769771736893747
"28",0.0268097010076272,0.0754149915238159,0.0436274162583818,0.0583538355647582,0.0692473472320017,0.121283351373749,0.133822562604504,0.059624447433883,0.0744594148916949,0.115303168100481,0.123887959300603,0.0692884240796061
"29",0.0341378907912082,0.0801732102148147,0.0617184053234407,0.0433894744535909,0.0616814257341683,0.11336547208041,0.125606379638406,0.06277583479889,0.0660208842114614,0.105305539321728,0.110656204747345,0.0679616800680091
"30",0.0342721822689079,0.0961068531253595,0.0798484463577551,0.0457133176419027,0.0582538980337699,0.109917476000573,0.12329726426189,0.0582831547119617,0.0779649145389362,0.110712085442151,0.114989553026311,0.0762175265839091
"31",0.0374593038122252,0.100601579293699,0.111424218571669,0.0443447333040778,0.082348815174857,0.130525886411324,0.147947283035163,0.0766946505680945,0.0668335161822332,0.107270731757988,0.10249263576242,0.0699680693675998
"32",0.0351895388249347,0.0860969728318734,0.0882231939033057,0.0360815548279995,0.0766823270786109,0.135981172222266,0.166421750278714,0.0750545355217251,0.0601000086102129,0.105691463289847,0.105216144759571,0.0671769364221242
"33",0.0368764603911069,0.0865203153306848,0.0769703452056992,0.0367913651885106,0.0692683371938694,0.131248158809961,0.158294927585724,0.0686564988236017,0.0741311597248498,0.109694428232734,0.11487319708994,0.0742259216039439
"34",0.0327400807065543,0.08374528994477,0.071246417441095,0.0425584594840624,0.0711147291673793,0.124351123039234,0.164073774245917,0.0611780531185072,0.0742837303376165,0.104925232106813,0.11114096351894,0.0760426167167176
"35",0.0345748593090162,0.0740433994280743,0.0569563120164308,0.0471911806842565,0.101697891462947,0.154720068264753,0.172403942665166,0.0892906226254227,0.0773505812582019,0.100447987492848,0.105840773753463,0.0764692556136345
"36",0.0489096070811485,0.0904258053935675,0.0829304350823373,0.0611103989622803,0.0802136427505089,0.125978631911223,0.129490281391485,0.071400711116117,0.0908639342069987,0.110036277468449,0.107406202253688,0.0909490409832661
"37",0.0498447129052591,0.107453135174904,0.0947024459920774,0.0521752105572795,0.0609088433826573,0.0965992533922811,0.11092711089636,0.057670810249941,0.0851701542671418,0.107423681842833,0.11775829053134,0.0808569243692756
"38",0.0513006757237355,0.0936574240662431,0.094621617023987,0.0493902845533184,0.0636106240791822,0.091453696351462,0.102705121787868,0.0568328196079757,0.0848500792755194,0.120327030082186,0.128963803342748,0.0806299367735633
"39",0.0608830184964864,0.0973669211379701,0.110986398732534,0.0549175900414009,0.0671528397516818,0.102888814547818,0.115064778421453,0.0643782732078904,0.0903595819877828,0.120059678052338,0.131597712842671,0.0874209899351898
"40",0.0554038152918784,0.0991438891071324,0.100068739852271,0.052887927235467,0.067292444871453,0.10246974515679,0.112907114856476,0.0667951307549545,0.0870511469308094,0.119463455282484,0.131053329091996,0.0824178888666101
"41",0.0399840659391277,0.0794270021650123,0.0705823609487568,0.0430636899450978,0.0621430568539277,0.087961784055371,0.0960383805006189,0.0609617717594807,0.0867816085023833,0.11888372708452,0.121475618046549,0.0913536066123803
"42",0.0260547148741787,0.0597287716078965,0.0558980145340918,0.0320344569363001,0.0528001563629435,0.0746332822120765,0.0749797777373187,0.049877856102791,0.0846015827871622,0.11427650726986,0.11376452053944,0.0880356569195219
"43",0.0278158411306112,0.0486084958252739,0.0385637969326652,0.0390211538902593,0.0506532340169221,0.0673457299994365,0.0735343423759408,0.048419095454802,0.0784009593139365,0.102356855776301,0.115692179806609,0.0766412708247305
"44",0.0401997638032518,0.0586927356596122,0.0469522516516781,0.0453032603080154,0.0422444160674449,0.0653139063657222,0.0658715735716863,0.045222745470851,0.0804736301310066,0.110149961126186,0.119971980099833,0.0830247988947033
"45",0.0412689521328054,0.0660493461716566,0.0502340819538801,0.0625394699860185,0.048906223498166,0.0761177322759519,0.071471075954132,0.0579419322286103,0.078180263088782,0.117339609587455,0.12264020805293,0.0676626387581429
"46",0.0413294742816793,0.0689846404961823,0.0627951053600069,0.0424010898948866,0.0578140461797766,0.0745721357314434,0.0760647445992263,0.0603951159312844,0.0746500310846704,0.114172523202617,0.116872784030855,0.0653601261709679
"47",0.0540465426192745,0.0716642194406703,0.0749276149795249,0.0546350628186746,0.061465004536092,0.0854859772795735,0.0888235690135073,0.0653249169490369,0.0792025014121015,0.105613814465203,0.117719399897914,0.0691976629183624
"48",0.0424027209388933,0.0787370711270421,0.0757922320093311,0.0437471746569735,0.0525131928610806,0.069467197528158,0.0750558742174587,0.0513584599184326,0.0676011635321164,0.102755534056902,0.124489305116338,0.0675775011678636
"49",0.0434892138613114,0.070911918741781,0.0628178447004203,0.0457653743129722,0.0546616227453611,0.0692313987682813,0.0709423324824408,0.0554864507324581,0.08515784123009,0.119822428593811,0.126530627881354,0.0806724396062931
"50",0.0383667423189488,0.096275713689568,0.0763458910338236,0.049467795539898,0.0646934712565937,0.0804094886254626,0.0848403889402777,0.0607523287811781,0.0821503071590342,0.113472867752643,0.117929586776531,0.0752541927374782
"51",0.0454439030963578,0.0894979013364627,0.0831792043779754,0.0481682724237934,0.0621156013027626,0.0826755754100974,0.0879958457552151,0.0639086012252711,0.0678421343184131,0.1004140337424,0.110511480382966,0.0643667763049787
"52",0.0435520481478126,0.0997673694722381,0.0796405741207396,0.060787333024279,0.0499771144632458,0.0774774650581396,0.0769410663606895,0.0530147903187011,0.0729248821150238,0.102227905595428,0.105804742258494,0.0706662443019518
"53",0.0458259196175453,0.0962853443230149,0.0852166701185558,0.0546311494633167,0.0598685185624065,0.0888302525034879,0.0895283115934789,0.0620071991111735,0.0741784072896323,0.113454821214605,0.113200255386822,0.0703552767059033
"54",0.0438876345461636,0.0987544991669796,0.084819468852766,0.0511320900331186,0.0534341303264931,0.0739808779405927,0.073902616862305,0.04979660172949,0.0751138539996124,0.106677986199762,0.109915169296755,0.0748814491547272
"55",0.0525803909347026,0.0833595466249317,0.0736950335634894,0.0496449574602595,0.0605161738032249,0.080111900073542,0.0813746382048747,0.0658553333056847,0.0792693311585376,0.104789246844004,0.104687754967138,0.069280750472347
"56",0.0391701128909413,0.0781749354049118,0.0713545358116677,0.0473696757652378,0.0695840545615788,0.104528016165982,0.109260260985208,0.0660930695768226,0.0682066589924461,0.0963015457651844,0.0951560043750296,0.0647786647200058
"57",0.0434264143830014,0.0847085074346196,0.0749640935126388,0.0508841485037764,0.0642915679482779,0.104563979263813,0.108073706551711,0.0641672899426842,0.0672171814075799,0.0920019273417377,0.0955449315064557,0.066210098974477
"58",0.0388429601249348,0.092656400683433,0.072519730563585,0.0467218035208169,0.0779700302249874,0.115331424500564,0.124153534451536,0.0699800668715809,0.0749642206408982,0.116811397415148,0.113740828018747,0.0720624161664156
"59",0.0528675801734066,0.0834816960325131,0.0679694739238554,0.060087068897198,0.0660455872966574,0.107570031457772,0.108594252413214,0.0763257041148923,0.0787558325415256,0.115482872770378,0.112081494760366,0.0829905023823339
"60",0.0417875160672697,0.0735180264922414,0.0595930974778117,0.0594762296136608,0.0728048803489469,0.108800479658533,0.112988562803232,0.0700831872242966,0.0826299260415046,0.111100602505523,0.106844752775731,0.0876228764010738
"61",0.00951533401390949,0.0764082323964124,0.0398463092770321,0.0314838002835007,0.100340253315731,0.184856926158788,0.22513087174549,0.0934809602337863,0.0738819626421289,0.109347087732141,0.103434330855961,0.0817840511172702
"62",0.0189898613777716,0.0666487543206147,0.0309784341853723,0.0511441257122793,0.0984644357168171,0.200714454970296,0.221069895135097,0.102145675467121,0.0574018967055012,0.103622968851719,0.0985177250440442,0.0644697107003701
"63",0.0130016879509709,0.0397115784220565,0.0165254125382087,0.0314017647337229,0.0860714293049628,0.179449534302664,0.222844446455745,0.0834111337566627,0.0656781009016266,0.088322535663422,0.0925633097971424,0.07077214556021
"64",0.00593477398515618,0.0423693623544328,0.0118641510100635,0.0135030410867083,0.110182238227596,0.191758377080811,0.214193036607441,0.0991641642238498,0.0458178430405407,0.0808722414644353,0.0784217964990698,0.0605387903371853
"65",0.0169715816311727,0.0308317019152127,0.0156840943843986,0.0528655161082735,0.102745992820951,0.182348064150178,0.216089084516278,0.0823699277910616,0.0578580565061856,0.0834939168986839,0.0877053383150107,0.0528392583766647
"66",0.00132752361832658,0.0214081211827166,0.00604762569768831,0.0181607043369264,0.0867286745393424,0.183763128877895,0.220781026213825,0.0815977645288609,0.0503531465864581,0.094136750226985,0.0900231219737922,0.0570921341654596
"67",0.0143738418923946,0.0627889877923659,0.0274463139988702,0.0355672781852251,0.0930623393968767,0.18310419391782,0.209791618306391,0.0767461999890561,0.0586320501647316,0.0904453021117654,0.0923309551939102,0.0601758013264005
"68",0.021039328839653,0.0535641385682829,0.0334310571676733,0.054759580367605,0.0885827049509803,0.163459494587091,0.197406051682958,0.0839172606966274,0.0547278762534785,0.0906076756596587,0.0925072672356511,0.0600431625217329
"69",0.0217318904731954,0.0489311963651003,0.0355733796887358,0.0472951921965485,0.0830100292280413,0.160597125243383,0.193245683514164,0.0764010697091707,0.0555197698921545,0.084222057463308,0.0842834657824393,0.0583264826396361
"70",0.034722488281242,0.079573548226541,0.0608580917848009,0.0513521235049869,0.0760316429728902,0.167830796995949,0.199616245679147,0.077455404238949,0.0590778266619807,0.0851233193953597,0.0845837882759933,0.0674167396970186
"71",0.0187397778956474,0.0768560463846697,0.0486246166568005,0.0370380736584607,0.0904676924929494,0.173127453197677,0.187640563153427,0.0960596451807,0.0607483801878677,0.0883022828159244,0.0896584027531806,0.0564709902226851
"72",0.0444361601602929,0.0986200107618173,0.0939772061202689,0.0569611901506212,0.0667315999801207,0.0966656354356096,0.104163949711664,0.0618512113074285,0.073933374040894,0.113675552725134,0.113426553155739,0.0708770466302625
"73",0.0503738543289692,0.0920518488558214,0.0806211363681525,0.0505872087215543,0.0623867924601664,0.0884983768324855,0.0913209489490963,0.0629558086312134,0.0728428455524163,0.097760656246754,0.102790242963218,0.0721547742908745
"74",0.0559565270572942,0.0982600675393847,0.095655442214654,0.057555221660568,0.0673792943889744,0.110848931225976,0.112074658975498,0.0629861873395798,0.0611381100265874,0.0943127454182785,0.101752936087908,0.055799827185053
"75",0.0616539145026772,0.0991243685049014,0.0949017041294006,0.0542944775650285,0.081937433686265,0.116527916313962,0.119216714423938,0.0775365232283427,0.0655171076188237,0.0933231195147225,0.094173963570735,0.0658904079710419
"76",0.0484671800235585,0.101942610786519,0.104811393115614,0.0522415391341747,0.0677002743427865,0.11077862444402,0.109659143518042,0.0646710721410926,0.0572323297349286,0.0924407993678492,0.0894846463466986,0.062929435364001
"77",0.0414450101946394,0.0946334248004792,0.091058065776648,0.0463659301837717,0.0637242730717694,0.0935411417248586,0.0985870072034833,0.0619565443305466,0.0641183234043653,0.0898499743878965,0.0910140878876981,0.0662355476404062
"78",0.0470158307337948,0.100240800094486,0.0966010852522336,0.0519637736716874,0.0602615502462198,0.0897262041660077,0.0931595259123297,0.0601503726163583,0.0711706017019194,0.107730087289002,0.103641501270273,0.0729326923087151
"79",0.041042081167574,0.0844678580817672,0.0662074817537331,0.0478167071465953,0.0612523438921934,0.0864899165679672,0.0866267851876651,0.0665603015181621,0.0763865917072577,0.104072272949262,0.104906922766225,0.0754618601631995
"80",0.0418528852913858,0.0904386266225463,0.0747539446236241,0.0575375918866641,0.0626660359597517,0.0951025821861355,0.0952717167276393,0.0610677763279269,0.074820957694725,0.102432269431268,0.104977993081376,0.0685908860016364
"81",0.0321321716446538,0.0898458831289556,0.0672593350484185,0.0486460828148114,0.0537472072473568,0.0817658139440154,0.0761601917523706,0.0523947071011914,0.0663871369818191,0.0980777307682792,0.105054554711327,0.0660342642936163
"82",0.0517689126262175,0.0839576847073363,0.0658756580860307,0.0694324558533086,0.054421977813686,0.0788009435099116,0.0748336902271623,0.0568979268798997,0.0757249795908919,0.0939250221035202,0.0971197818822899,0.0751319856648936
"83",0.0489515105061578,0.0776637127727884,0.0662852804328323,0.056620535436669,0.0621611262389542,0.0756355544003175,0.0767609547395068,0.0602572685996882,0.0762792242452164,0.0934298761762294,0.0911694857778292,0.0712406370346648
"84",0.0329974363287623,0.0566725106342646,0.0460204982834545,0.0490146586849071,0.0572507094031211,0.0744907671154785,0.0746913207759169,0.0601088377820883,0.061273435715576,0.0779572501917003,0.0813263726966991,0.0609686061250034
"85",0.0367397383835187,0.063045449369287,0.0528879269363822,0.0479333895412738,0.0555513258855377,0.0727952369492174,0.0746414296692697,0.0564323860711608,0.0630413124915684,0.0814409508305647,0.0879863948910365,0.0623495341939185
"86",0.0458750931879717,0.0591571486629651,0.0561360675825763,0.0547143035851562,0.0502781963573793,0.075246250529173,0.0743563451883699,0.051093814237701,0.0582701345621446,0.068432874036968,0.0688416538952274,0.0559035986686686
"87",0.0333089455841775,0.0626939814837694,0.0453352224332015,0.0514655617885603,0.059286937614654,0.0725721610628572,0.0736245161578052,0.0586572884836448,0.0632844754871491,0.0864828793953245,0.085144494005592,0.0656840177093717
"88",0.0344122598910228,0.0611469963875535,0.0548531120828123,0.0418948186149708,0.053820347053573,0.0701731938870137,0.0714523020716258,0.0524818835739883,0.0592053289477242,0.0875304243020463,0.0841158551904569,0.0586073901004049
"89",0.0381576105598665,0.0635309347213695,0.0451859111976332,0.0352614972554858,0.0501856737546015,0.067912826832153,0.0617512837344716,0.0461719149161776,0.0635927004933313,0.0732927941184992,0.072158780611856,0.0695319658413838
"90",0.0525654155014251,0.0708438136500263,0.0627707245096211,0.0621465201587694,0.0536447172420078,0.0686541766328737,0.0692304706898091,0.0587490592049807,0.0537692319524872,0.067207840274943,0.0635289050660131,0.0554774129388141
"91",0.0409860836584696,0.0582752162937413,0.0481603192126368,0.0416754172591664,0.059626495312167,0.069628683876814,0.0665924496527322,0.0604841828830379,0.0519922222386997,0.0636326177676242,0.0630831083530129,0.0538679405225228
"92",0.0421719524996702,0.059184322249826,0.0528679565094171,0.0448869983162003,0.0576648533568717,0.0735732396378923,0.0682160180183017,0.0680493132695466,0.0594685146061262,0.068884704003045,0.0682656380840303,0.061714117551097
"93",0.0294781914000326,0.0532532252329713,0.0411772180531469,0.0380610308944594,0.0681944210769253,0.0755375277853224,0.072607456079808,0.0630442669268027,0.0535919449824873,0.0612004229264603,0.0602084857315828,0.0496958432755032
"94",0.0214210374427816,0.043013441441741,0.04084436516248,0.0330863283558829,0.0611871973494223,0.0708044316048814,0.0712846133368564,0.0538344726118278,0.0532783984320341,0.0616791299616972,0.0607012862442249,0.0582449196568007
"95",0.0424721833512982,0.06169623525073,0.0580808251483457,0.0423802270765032,0.0619765763274237,0.0735866704323698,0.0734665093389822,0.0627347010391087,0.0555288287446404,0.0619425332773616,0.0625489651647749,0.0572248639732421
"96",0.0383459165708123,0.0703627175768278,0.0588732649510015,0.0460638294519501,0.0730544794969032,0.0907076776071789,0.0925480200232281,0.0714469199332643,0.0606632144087506,0.0698047165720604,0.072506730059192,0.0576387526018283
"97",0.0380220980480695,0.0648676338952308,0.0537600600224453,0.048181913954166,0.0646026884195519,0.0891424562736725,0.0835529035415849,0.0709554474133798,0.0596338817159082,0.0686997978947831,0.0714727960634524,0.0555107010466198
"98",0.0435060286031363,0.0555276365275783,0.0515177583204744,0.0436009693434419,0.0642092645633247,0.0846442497552811,0.0850145784303484,0.0662869066093132,0.0597655922720863,0.0647234076488208,0.0675887755840215,0.0595322324184726
"99",0.0376424220633162,0.0595403223247407,0.0467421685728855,0.0494531132969474,0.0608024098356888,0.0809252173548655,0.0802406658913571,0.0614671740225215,0.0566219449003763,0.0642367876528126,0.0625443031735948,0.0575442982079367
"100",0.0436034793837677,0.0685832387415689,0.0557293498370689,0.0576520669984344,0.0660295799077238,0.0837070293045992,0.0818812501683765,0.0701225393860518,0.0586121479126824,0.0689221195915194,0.0682234450711717,0.0574669381545076
"101",0.0461653981952591,0.0596201758417437,0.0560190082245887,0.0481266559832179,0.0579847150573153,0.0798040945092145,0.074596442175091,0.0587476943286052,0.0627989391533743,0.071364533310413,0.0729601254185434,0.0607735620385689
"102",0.0426179935208935,0.0585787129613996,0.0566007314031299,0.0468029477546845,0.0591709797068875,0.0743081866144006,0.0708605014389782,0.0631774883540066,0.0635348244470533,0.0782295190926493,0.0782585223607009,0.0657834248497046
"103",0.0385903718678707,0.0594002034677938,0.051563706956695,0.0442817577135019,0.0605336475523019,0.0768017692828552,0.0764067937073461,0.0620835540531515,0.0634739735329184,0.0807562071177548,0.0783593431985794,0.0671647437240165
"104",0.0411265978674273,0.0637061460974968,0.0632154156752197,0.0398161904261965,0.0649285136603321,0.0893832805513925,0.0933916655160347,0.0642490585515477,0.0659205581532691,0.0820781254705407,0.0812410041371129,0.0673709557354851
"105",0.0523267934475243,0.0833543506012452,0.0699588564504067,0.051436231386668,0.0739206519625248,0.0979703372992245,0.0944305154390713,0.0711607707021055,0.0672196902470416,0.0835629105216956,0.0849484095664871,0.0678925754988664
"106",0.0356943807664057,0.0749714388632109,0.059108013249064,0.0466999185357923,0.079501454021517,0.113190419427031,0.107419549222747,0.0772805901030476,0.0638563674486031,0.0802175058362901,0.0794684390311107,0.0681415261458725
"107",0.0364743487913486,0.0728543803043122,0.0575674882780427,0.0481317389195735,0.0712856521095069,0.0911815095026253,0.0946760161314548,0.0697484805132284,0.066906474628306,0.0769835052700769,0.07694690703511,0.0677971322766339
"108",0.0451427332749527,0.0703021600534575,0.0607603547136307,0.0521840780202766,0.0633120131246866,0.0873452591306609,0.0884287069084161,0.0645974816986559,0.0709503322110391,0.0797117339678818,0.0832659350930651,0.0733979563200003
"109",0.0515897419938246,0.0760449971632707,0.0665808962823673,0.0550361454639087,0.0717184558123821,0.0919718121879603,0.097934354011571,0.070125857348456,0.0617461458301023,0.0770055402389802,0.076133157453224,0.0667498357117579
"110",0.045044849064839,0.0705225006589277,0.0548442152455388,0.0531461003279309,0.0751143574945513,0.10196163889965,0.106145054055718,0.0736141419078465,0.0573015156035651,0.0741765930999515,0.0787154212816697,0.0619955673650515
"111",0.0346765106373435,0.0536091496749446,0.0422038072082813,0.0491162876310789,0.0661545462647073,0.0891307389000142,0.0873399712154988,0.0673797941577323,0.0563369218191883,0.0717229277576508,0.0687052449799553,0.0611241196570571
"112",0.0351857497322842,0.0680873956208961,0.0475703397707,0.055238308195618,0.0598051122230038,0.0777249743618589,0.0760464052819376,0.0604730697441579,0.0518190472441188,0.0640480325325013,0.0607629516403154,0.0563272830948124
"113",0.0316866538879195,0.0557130107047637,0.0436563117240107,0.0465647142445372,0.0559640145303201,0.0735901965151227,0.0685463410759558,0.0615628697557552,0.0635203716126343,0.0712221017261003,0.0706568511993443,0.066293274018961
"114",0.0339943064839993,0.0548780878965757,0.037027091427344,0.0511725929235056,0.0589192595325591,0.0705161697166622,0.0693618708735057,0.0602797286585578,0.062853700706526,0.0743400436986028,0.0736822063289696,0.0664150499600979
"115",0.0296707069565552,0.0554196788736751,0.039639470218357,0.0451503350506077,0.0556549052491027,0.075899268589386,0.0763074718874524,0.0549516330415754,0.058489863416552,0.0670710220625095,0.0661331133596256,0.0659047849539146
"116",0.0238493087274306,0.0502166781406228,0.0331906285070873,0.0342474936578818,0.0567578220746112,0.0697691245716082,0.0710533796983281,0.0597900988890543,0.0579866112174878,0.0720054362287053,0.0698800869095774,0.0596715999517211
"117",0.0353920326441254,0.0477386151463986,0.0405422835013422,0.0450471669379494,0.0551397914678119,0.0665543594760914,0.0661564207080193,0.056472293261467,0.060912801657737,0.0652302158413536,0.0657926665327477,0.0609615295242755
"118",0.0429740294170271,0.0541662188119113,0.0453144910829024,0.0552889932415366,0.0594925748383161,0.068761503838818,0.0699363226114455,0.0615055340260506,0.0614603441634855,0.0708844042513552,0.0694856238933081,0.0643735413203741
"119",0.0378202735155653,0.0513229723500084,0.0399206118032889,0.0508862855492619,0.0621050341681374,0.0733457485435383,0.0774346526852163,0.0601139725720296,0.0553197797146863,0.0640809158918162,0.0634281885106359,0.0590350226439308
"120",0.0351876972844259,0.0498643685587233,0.0376627192583437,0.0529631859781934,0.0619051883957723,0.0777081893998022,0.0744851239353757,0.0662263792120969,0.058780137189597,0.0642878217595617,0.065192582991731,0.0598838440204483
"121",0.0216407992130351,0.0474143238138409,0.0247662905819866,0.039326297797423,0.0588191207074855,0.0751409350597303,0.0787231888041284,0.0597632166588082,0.0564058636041682,0.0623447609921883,0.0638457360412565,0.0568837307090615
"122",0.0317811453909975,0.0489959845685901,0.0344436774542136,0.0501605173061992,0.0718168673306182,0.0854086588472951,0.0864714538794021,0.0736417978957179,0.0543084191781154,0.0625419161055661,0.0617294885264814,0.0563525342202364
"123",0.0328300257250859,0.0557217676658412,0.0485924486215889,0.042027490402542,0.0710176625732934,0.0975686355629054,0.100656643912171,0.0701648075064423,0.0488293580726583,0.0618653789558847,0.0597793479683259,0.0533748164154662
"124",0.0316034342940448,0.0575795905831621,0.0467155464305309,0.0437962596016038,0.0668325637409289,0.0879530418819342,0.0862130339355483,0.0669483567413487,0.0517036706435777,0.0715613348971468,0.0724116280650402,0.0515574661051486
"125",0.0256197339529517,0.049074034151704,0.0412821399929704,0.0227648091326597,0.0656658257554884,0.0856453014542124,0.0871656339415157,0.0653390683014535,0.0566227030239735,0.0715501221775752,0.0717750672560736,0.0587942335899751
"126",0.0293136717991502,0.0557732194840032,0.0436726356264145,0.0441489133492998,0.0657618401151481,0.0851242482987436,0.0902012110603369,0.06874283676183,0.0583898808708349,0.0791092797626022,0.0809618174736635,0.0640454405386699
"127",0.0295383451831904,0.0553760976463093,0.0451913257195239,0.0340465913399021,0.0695737317055533,0.0948019940215706,0.103210654895704,0.0698751110100769,0.0644340578231706,0.0791507525782864,0.0837022837635141,0.0663674166168163
"128",0.0424695377724163,0.0611688901259512,0.0609671878066391,0.0469098059144606,0.0704166282089796,0.0895862798982409,0.0906206889365742,0.0712782509044053,0.0577543860330635,0.0819267623983914,0.0798610883400222,0.0550301671307964
"129",0.0404475886844332,0.0587112822123205,0.053833434781038,0.0481014315959526,0.078094671308047,0.0874563407387478,0.0982596106009711,0.072158525258842,0.0536038507708972,0.0662068852862983,0.0688360004004027,0.0540153369178338
"130",0.0394053685199554,0.05919612115498,0.0475879923795813,0.048318371117471,0.0828841946769209,0.103208650216225,0.104190716819604,0.0859060231700936,0.0584489225795823,0.0628591715163965,0.0653620619850316,0.0594563177661913
"131",0.024008415422946,0.0480390265336837,0.0314203950065711,0.0339496919519241,0.0705630860517215,0.0860361274900419,0.0865758122388983,0.0740968941033307,0.059097009518268,0.0640357832606326,0.0648174780127323,0.0596511827836991
"132",0.0242699042202783,0.0520516002892211,0.0449120764092948,0.036230393912086,0.0550987755432513,0.0713029152668026,0.072577433585103,0.0577632870664756,0.0494834701027806,0.0603160773796839,0.0596820102634214,0.054458022773337
"133",0.0361973558893759,0.0598964948662677,0.0430388748973657,0.0422618875115512,0.0593219744861784,0.0761349876640862,0.0725616434139655,0.0647002838730208,0.0513429779192359,0.0592457930184706,0.0599236335363062,0.0514990952061281
"134",0.0363113703023206,0.0472405695614425,0.0420937408110075,0.0468181172575029,0.0613916060469857,0.0712589285167304,0.0736752405675223,0.0600631276103974,0.0497089402385722,0.0577718664315727,0.0573180291553391,0.052127908032585
"135",0.0285773888487853,0.0549832575752239,0.0443676394282285,0.0390400002276174,0.0560434727092849,0.0669399068417493,0.0681039158776144,0.0524102915548022,0.0511757758240567,0.0616823455431904,0.061506517992066,0.054547759628214
"136",0.0356569119777312,0.0587093451644746,0.0426403559499477,0.0428813800372506,0.0617993391507288,0.0678242945348295,0.0664671476475178,0.0607655281102968,0.0517636046889056,0.0619559044235021,0.0627669243277248,0.0528991207992235
"137",0.0359333443291291,0.0499476718399939,0.0441809792917372,0.044567521949763,0.0576043145725802,0.0695541153051266,0.0701540217520038,0.057745134406824,0.0570184739830636,0.0645886427256646,0.0659896655564058,0.0575408438832786
"138",0.0338449427705614,0.0481911359922886,0.0372811342230261,0.0419371896379122,0.0586612314924562,0.0683337872698508,0.0691389679560198,0.0558527669835592,0.0540921277694557,0.0597560859190714,0.0606473898074399,0.0567718935397257
"139",0.0251747632530408,0.0486915997618875,0.0380970272631605,0.034133074764733,0.0586730285883337,0.0734673272094124,0.072595584475624,0.0624310581600055,0.0512190136792731,0.0682601792789593,0.0651967523617497,0.0565811480608475
"140",0.0402410848624234,0.0633895281050226,0.0575344519244564,0.0481642554465188,0.0620478119877612,0.0727932591498182,0.0695519061349452,0.0610714989744073,0.0593288965028203,0.0734933315214541,0.0756148327300196,0.0608743199347667
"141",0.0439456321147855,0.0662954004213808,0.054465468415347,0.0518979231795543,0.0483049434066088,0.0631531382173557,0.0633134932717697,0.050580463203068,0.058628124904835,0.072110619592414,0.0698584359897261,0.0621178777273223
"142",0.0349536876810791,0.0527419255965408,0.0450321288067673,0.041712050281891,0.0541731278531877,0.0650887771854138,0.0652574253087853,0.0555095162482373,0.0628048083115917,0.0722125946791483,0.0724401816865227,0.0684725958499469
"143",0.0431916820046322,0.0563060994438102,0.0533941268893558,0.0458881067564008,0.0656105593175761,0.078924522395698,0.0810239662540429,0.0664922480223118,0.0680939148951387,0.0764460017603522,0.0807783109917091,0.0666717965306386
"144",0.0458471077328256,0.0572002951632508,0.0469694580010187,0.0538542941470632,0.0799735733374074,0.0953559584728796,0.0978932376549518,0.0778102954973126,0.0619711627150468,0.076852034898786,0.0738075797329353,0.0668686749426707
"145",0.0448086313762147,0.0771596627565257,0.0613228728126025,0.0532771422626863,0.0900647044097811,0.120672932585181,0.122027639194141,0.0922725016054639,0.058706950104667,0.0717558509931516,0.0730149909521134,0.0612908286272791
"146",0.0388580916223375,0.0805161581516237,0.0663841247285958,0.053270695128157,0.0990038199083792,0.12277239761314,0.130357322759553,0.0866843461167869,0.0592746339740155,0.071086254377839,0.0737841536737901,0.0621384925253699
"147",0.0489108028615164,0.0721996783721095,0.0646662736389864,0.0507651824087228,0.0839686672746886,0.126873176609498,0.12616784273081,0.089211859636254,0.0622664416968456,0.0799828623689653,0.0787416343620516,0.0618142339615839
"148",0.0451642891395643,0.0734628499623861,0.065992190863719,0.0541670119694796,0.0794300024673267,0.115954868055491,0.118738189838066,0.0842863516648656,0.0637286066816584,0.0920902542767455,0.090442677413544,0.0654590218880449
"149",0.0563432924707691,0.0897325662250517,0.0839094086730524,0.0631323729437382,0.0774823866449118,0.116448321647892,0.114406252335209,0.0805040277387698,0.0683126273023217,0.09336311781141,0.095175755664005,0.066716967673832
"150",0.0307099612654555,0.0880478249819248,0.0677623538092788,0.041216430366464,0.0737129956605423,0.126073545991097,0.130292777051538,0.0778506492178764,0.0674464617758716,0.0931434998996062,0.0891264471163653,0.0707296504678112
"151",0.0392985462376682,0.106684694419285,0.0807566299480938,0.0549547383102812,0.0805241774518144,0.121575039353839,0.127438880809697,0.0862426143823104,0.0671995928039576,0.0901249250995214,0.0909689341812313,0.0676462765273694
"152",0.0349559256454378,0.0880778756752226,0.0803890915601721,0.0554573658149218,0.0777729042665526,0.139893973678446,0.136378125921859,0.0815480161484848,0.0667756959370376,0.098898403546172,0.102151532311233,0.0704483796155039
"153",0.0422565498713563,0.0933364044344396,0.0906629433316111,0.0409111425807799,0.0814559780758333,0.151636502976345,0.163844839160254,0.0837136305257429,0.069007431625314,0.10163340351935,0.106182436832773,0.0683672200833337
"154",0.0473562121300541,0.102964841207429,0.103946460563659,0.0539139283765676,0.0891632429376963,0.137707996465888,0.15010468634316,0.0943940161204338,0.0729940453966026,0.106728466278532,0.109973108354847,0.0746610049217452
"155",0.047535985361831,0.0996683051820811,0.0953249463365075,0.0491634738740265,0.0732423796137332,0.132416128438324,0.142250449072715,0.0715001604011212,0.0830157498431451,0.112553118992744,0.114906344697601,0.0724860625930312
"156",0.0449912100315797,0.101535182342511,0.104044531757661,0.051113343114916,0.073112096275917,0.11451238736239,0.121011656398572,0.0695541366478344,0.0841399198148695,0.119500369126741,0.125283090379311,0.0938037348271774
"157",0.0607196618590145,0.108099715097115,0.109905606203244,0.0643622227545572,0.0606023811186825,0.102493524215285,0.110585286891617,0.0596233310314967,0.0849891591616988,0.124728553305474,0.128483147211868,0.0934118953086032
"158",0.0431933184420016,0.0763028050392346,0.0750383193184373,0.0509465360089634,0.0718862790473969,0.0985741889998265,0.107319054836184,0.0674086306027113,0.0643372179948136,0.0925841612003818,0.0962441330834575,0.0617371309398469
"159",0.0338041063936182,0.0792126729090983,0.0674109844151843,0.0421439092243445,0.0594286365265292,0.11136058581919,0.112355200264232,0.0631531593565834,0.0610373989544113,0.0938271508097647,0.0990850643765557,0.065991912864224
"160",0.0442000509006239,0.0815399980641812,0.0700922868378155,0.0638478759196631,0.0756041285724518,0.118682368114422,0.130039206359025,0.0744549656257693,0.0683990718535284,0.0998724782782087,0.104878270244089,0.066892107267908
"161",0.0365033326233813,0.0831294763981086,0.0708284907563691,0.0570260506591113,0.0701203712336751,0.114954628233041,0.116009366679009,0.0666835965388004,0.0794671290065206,0.113619102640935,0.118270965763477,0.0730344766666997
"162",0.0433754818814309,0.0899940325525,0.0850069919872025,0.05936927583083,0.0768367297754993,0.119692551717135,0.120217725100925,0.0740184212881368,0.0715877061693616,0.113654241967939,0.112710028437546,0.0792605699521024
"163",0.0423114825261915,0.0764566327160104,0.0545586088779332,0.0540578379070549,0.0800838595370635,0.115457147136046,0.127288397071877,0.0742862295571534,0.0734873143335645,0.0975045585511838,0.105926423098774,0.0751209445103731
"164",0.0268391647266498,0.0655984393874894,0.0464786759779644,0.0392765815575401,0.0797085733023424,0.113511941457261,0.117150591269553,0.0877041110446972,0.0637428305580646,0.0810012945273792,0.0852260451483524,0.0574348271686374
"165",0.0335545703890475,0.0709078320064219,0.0541773081091173,0.0393392377108169,0.0776507049260668,0.110116226533755,0.120683927445858,0.0711109291288095,0.0677399703571442,0.0902212870604996,0.0870043986203516,0.0731739248145562
"166",0.0386712847163387,0.0727643652699114,0.0604350136484205,0.0514495543427124,0.0752230985839473,0.112678499344403,0.122207105766863,0.0821576564361224,0.0705298386678263,0.0969278840350225,0.0917536603050672,0.0678716100053158
"167",0.0341415263477958,0.0690717242818158,0.0550486243636102,0.0505494454915301,0.0754070549548362,0.106782160819988,0.115730807383055,0.0719888176797971,0.0603701237331632,0.0844404337619759,0.0805168463562999,0.0629306388940666
"168",0.0428113523217704,0.0631752479487155,0.0491862617887683,0.0545096592326473,0.0780630184487116,0.108303700354669,0.111269407342028,0.0814446015878393,0.0556104828819419,0.0724699445774859,0.0714709969647979,0.0599385401854147
"169",0.0347098698201575,0.0491135621524194,0.0424850645787055,0.0418174386297437,0.0812926027868449,0.0984079313593529,0.110165782029145,0.0730423502780052,0.0460181986111306,0.0596587346008997,0.0569929476245378,0.0535252970619132
"170",0.0421431039952817,0.0540781355750909,0.0454225286759667,0.0478948182676282,0.0878702925700834,0.114385403123885,0.121346772912211,0.0851701911318116,0.0536875469912721,0.0660858355866131,0.0657410939427129,0.0577404402132031
"171",0.0291367976412764,0.0506301583283124,0.0390421080284969,0.0386302542764777,0.0681743111070349,0.07785271676462,0.082563650185807,0.0675191670297477,0.0643204428114784,0.074329800999594,0.0721879441784944,0.0604168552765941
"172",0.0492978079653888,0.0761328771020886,0.0724147835391418,0.055454607878618,0.0766077331427479,0.0977455418146908,0.100409944932586,0.0818051411424241,0.0634665657076129,0.0789176149935159,0.0792841672170421,0.0605742962483527
"173",0.0443569580799076,0.0700662867141224,0.0627719242136177,0.0557221706285028,0.0677411085633913,0.0879112254890177,0.0884570633263873,0.0813006730036117,0.0560830849017689,0.0691212428485144,0.0700042707548603,0.0563351981839497
"174",0.0464651401069474,0.0890982734282807,0.0811933944112611,0.0546988106201297,0.070132892509079,0.099477091771574,0.102603266160379,0.0691961121086199,0.0610814938525647,0.0807817915735688,0.0833800282084015,0.061828098604103
"175",0.0396353983483996,0.0731677783523167,0.062833438859203,0.0551167481761131,0.0659771328263363,0.0859463865913607,0.0885290929029255,0.0660150928847819,0.0663612330819675,0.0849870296740895,0.0812352911915214,0.0660082682185208
"176",0.0413343206252027,0.0737802001749129,0.0653399942917141,0.0555586452035313,0.0634482267565256,0.0856055792065594,0.0919540864200481,0.0626309848848532,0.0707900168770933,0.0890882042287106,0.086090094610835,0.0796799569734958
"177",0.0426809185382687,0.0565000897614214,0.0483691221866985,0.0486092944170112,0.0665281268383969,0.0858409743390965,0.0849472005179966,0.0749656753191389,0.0629848365862726,0.0738701774904742,0.0743709304382105,0.0611449186267725
